source_label,source_offset,literal_site,symbol,offset_within_symbol,classification
DewfordTown_Text_BrineyLandedInSlateport,0x203FCB,0x001FE9BF,DewfordTown_EventScript_LandedSlateport,2,script-loadword-0F
Route114_LanettesHouse_Text_ResearchNotesPage3,0x240813,0x0013076E,MoveWordSelectCursor,38,incidental-code-word
Route110_TrickHouseEnd_Text_AllNightToPlantTrees,0x2802E0,0x001E36C3,LoopedTask_CloseMonMarkingsWindow,15,incidental-code-word
Route114_Text_NolanIntro,0x2AFFC5,0x002079A1,Route114_EventScript_Nolan,6,trainerbattle-5C
MauvilleCity_Gym_Text_KirkIntro,0x2234E0,0x00C7732C,gMonFrontPic_Numel,1168,incidental-graphics-word
Route114_Text_NolanDefeat,0x2B0029,0x002079A5,Route114_EventScript_Nolan,10,trainerbattle-5C
DewfordTown_Text_BrineyLandedInSlateportDeliverGoods,0x203E41,0x001FE9B6,DewfordTown_EventScript_LandedSlateportDeliverGoods,2,script-loadword-0F
BattleFrontier_BattlePikeLobby_Text_LookForwardToSeeingYou,0x271026,0x00EA6153,gRaySceneTakesFlight_Bg_Tilemap,155,incidental-graphics-word
BattleFrontier_Lounge3_Text_ChallengeBattleTowerDouble,0x277531,0x006A5464,sFrontierGamblerLookingMessages.398,4,aligned-data-table
Route114_Text_IvyIntro,0x2B01AD,0x002079D3,Route114_EventScript_Ivy,6,trainerbattle-5C
gText_ApprenticeItemAlreadyRecommended7,0x2D0805,0x007034C8,sApprenticeHeldItemTexts,156,aligned-data-table
BattlePyramid_Text_ZeroItemsRemaining6,0x26944F,0x007061F0,sRemainingItemsHintTexts6,0,aligned-data-table
BattleFrontier_BattleArenaLobby_Text_ExplainBattleRules,0x26C026,0x002154F0,FallarborTown_BattleTentLobby_EventScript_RulesBattle,2,script-loadword-0F
BattleFrontier_Lounge3_Text_GetToBattleTowerDouble,0x277EB4,0x006A5494,sFrontierGamblerGoMessages.402,4,aligned-data-table
TrainerHill_Roof_Text_HaveTheMostMarvelousGift,0x27DCE9,0x0027E246,TrainerHill_Roof_EventScript_ReceivePrize,2,script-loadword-0F
TrainerHill_Roof_Text_HaveTheMostMarvelousGift,0x27DCE9,0x0027E25D,TrainerHill_Roof_EventScript_NoRoomForPrize,2,script-loadword-0F
SecretBase_Text_Trainer6Intro,0x289FF6,0x0028B2E2,SecretBase_EventScript_Trainer6,24,script-loadword-0F
gText_WorksWellIfDifferentTypeAsBefore,0x29242E,0x0067A09C,gContestEffectDescriptionPointers,144,aligned-data-table
gTVTrainerFanClubText01,0x29BB82,0x0067F874,sTVTrainerFanClubTextGroup,4,aligned-data-table
GabbyAndTy_Text_GiveUsAnInterviewThisTime,0x2A0851,0x002A2279,GabbyAndTy_EventScript_DidntInterviewLastTime,2,script-loadword-0F
gPokeNewsTextGameCorner_Ongoing,0x2A2893,0x0067F4E0,sPokeNewsTextGroup_Ongoing,8,aligned-data-table
gPokeNewsTextGameCorner_Ending,0x2A298C,0x0067F4F4,sPokeNewsTextGroup_Ending,8,aligned-data-table
gPokeNewsTextLilycove_Ending,0x2A2CE4,0x0067F4F8,sPokeNewsTextGroup_Ending,12,aligned-data-table
Route109_Text_RickyRegister,0x2AC5E5,0x00203CF1,Route109_EventScript_RickyRegisterMatchCallAfterBattle,8,script-loadword-0F
Route109_Text_RickyRematchIntro,0x2AC623,0x00203D0E,Route109_EventScript_RickyRematch,6,trainerbattle-5C
Route109_Text_RickyRematchDefeated,0x2AC65B,0x00203D12,Route109_EventScript_RickyRematch,10,trainerbattle-5C
Route114_Text_ClaudeIntro,0x2AFED7,0x0020798A,Route114_EventScript_Claude,6,trainerbattle-5C
Route114_Text_IvyNotEnoughMons,0x2B023F,0x002079DB,Route114_EventScript_Ivy,14,trainerbattle-5C
Route114_Text_KaiDefeat,0x2B02AD,0x00207A20,Route114_EventScript_Kai,10,trainerbattle-5C
Route114_Text_CharlotteDefeat,0x2B031F,0x00207A09,Route114_EventScript_Charlotte,10,trainerbattle-5C
Route115_Text_TimothyRegister,0x2B04D7,0x00207BE6,Route115_EventScript_RegisterTimothy,8,script-loadword-0F
Route115_Text_TimothyRematchDefeat,0x2B0596,0x00207C07,Route115_EventScript_RematchTimothy,10,trainerbattle-5C
Route115_Text_TimothyPostRematch,0x2B05A9,0x00207C0D,Route115_EventScript_RematchTimothy,16,script-loadword-0F
Route117_Text_IsaacPostRematch,0x2B17F4,0x00208C4F,Route117_EventScript_RematchIsaac,16,script-loadword-0F
Route117_Text_MegRematchIntro,0x2B21CE,0x00208E46,Route117_EventScript_RematchMeg,6,trainerbattle-5C
Route121_Text_MylesIntro,0x2B4C42,0x0020B1DD,Route121_EventScript_Myles,6,trainerbattle-5C
Route123_Text_FernandoIntro,0x2B5547,0x0020B5E6,Route123_EventScript_Fernando,6,trainerbattle-5C
Route123_Text_FernandoRematchIntro,0x2B561F,0x0020B631,Route123_EventScript_RematchFernando,6,trainerbattle-5C
Route124_Text_ChadIntro,0x2B5FC4,0x0020B856,Route124_EventScript_Chad,6,trainerbattle-5C
Route125_Text_PresleyIntro,0x2B6D3E,0x0020BAC2,Route125_EventScript_Presley,6,trainerbattle-5C
gText_ApprenticeWhichLevelMode1,0x2CC7D6,0x007032C4,sApprenticeFirstMeetingTexts,24,aligned-data-table
gText_ApprenticeThanksNoHeldItem6,0x2D03F2,0x007034AC,sApprenticeHeldItemTexts,128,aligned-data-table
BerryBlender_Text_TooBusyNowIsee,0x2D9556,0x002A913A,BerryBlender_EventScript_BlendMasterPresent,27,script-loadword-0F
MoveTutor_Text_DynamicPunchWhichMon,0x2DCD31,0x002DD442,MossdeepCity_EventScript_DynamicPunchTutor,48,script-loadword-0F
